-- phpMyAdmin SQL Dump
-- version 5.2.1
-- https://www.phpmyadmin.net/
--
-- Host: 127.0.0.1
-- Generation Time: Apr 15, 2025 at 11:27 AM
-- Server version: 10.4.32-MariaDB
-- PHP Version: 8.2.12

SET SQL_MODE = "NO_AUTO_VALUE_ON_ZERO";
START TRANSACTION;
SET time_zone = "+00:00";


/*!40101 SET @OLD_CHARACTER_SET_CLIENT=@@CHARACTER_SET_CLIENT */;
/*!40101 SET @OLD_CHARACTER_SET_RESULTS=@@CHARACTER_SET_RESULTS */;
/*!40101 SET @OLD_COLLATION_CONNECTION=@@COLLATION_CONNECTION */;
/*!40101 SET NAMES utf8mb4 */;

--
-- Database: `parking`
--

-- --------------------------------------------------------

--
-- Table structure for table `logs`
--

CREATE TABLE `logs` (
  `id` int(11) NOT NULL,
  `user_id` int(11) DEFAULT NULL,
  `spot_id` int(11) DEFAULT NULL,
  `timestamp` datetime DEFAULT current_timestamp(),
  `action` enum('entry','exit') NOT NULL
) ENGINE=InnoDB DEFAULT CHARSET=utf8mb4 COLLATE=utf8mb4_general_ci;

--
-- Dumping data for table `logs`
--

INSERT INTO `logs` (`id`, `user_id`, `spot_id`, `timestamp`, `action`) VALUES
(1, 3, 1, '2025-03-31 10:51:57', 'entry'),
(2, 4, 1, '2025-04-11 10:18:31', 'exit'),
(3, 4, 1, '2025-04-11 10:18:35', 'entry'),
(4, 4, 1, '2025-04-11 11:41:12', 'exit'),
(5, 4, 1, '2025-04-11 11:55:11', 'entry'),
(6, 4, 1, '2025-04-15 11:13:53', 'exit'),
(7, 4, 2, '2025-04-15 11:15:09', 'entry'),
(8, 4, 4, '2025-04-15 11:15:23', 'entry'),
(9, 4, 5, '2025-04-15 11:15:31', 'entry'),
(10, 4, 1, '2025-04-15 11:15:39', 'entry'),
(11, 4, 6, '2025-04-15 11:18:17', 'entry'),
(12, 4, 1, '2025-04-15 11:32:05', 'exit'),
(289, 1, 1, '2025-04-15 12:04:10', ''),
(290, 1, 1, '2025-04-15 12:04:12', ''),
(291, 1, 1, '2025-04-15 12:04:12', ''),
(292, NULL, 3, '2025-04-15 12:04:13', 'exit'),
(293, NULL, 3, '2025-04-15 12:04:14', 'entry'),
(294, NULL, 3, '2025-04-15 12:04:14', 'exit'),
(295, NULL, 3, '2025-04-15 12:04:14', 'entry'),
(296, NULL, 3, '2025-04-15 12:04:15', 'exit'),
(297, NULL, 3, '2025-04-15 12:04:15', 'entry'),
(298, 1, 1, '2025-04-15 12:04:16', ''),
(299, NULL, 3, '2025-04-15 12:04:16', 'exit'),
(300, NULL, 3, '2025-04-15 12:04:16', 'entry'),
(301, NULL, 3, '2025-04-15 12:04:17', 'exit'),
(302, 1, 1, '2025-04-15 12:04:17', ''),
(303, NULL, 3, '2025-04-15 12:04:17', 'entry'),
(304, 1, 1, '2025-04-15 12:04:19', ''),
(305, 1, 1, '2025-04-15 12:04:20', ''),
(306, 1, 1, '2025-04-15 12:04:21', ''),
(307, 1, 1, '2025-04-15 12:04:21', ''),
(308, 1, 1, '2025-04-15 12:04:22', ''),
(309, 1, 1, '2025-04-15 12:04:22', ''),
(310, 1, 1, '2025-04-15 12:04:23', ''),
(311, 1, 1, '2025-04-15 12:04:23', ''),
(312, 1, 1, '2025-04-15 12:04:23', ''),
(313, 1, 1, '2025-04-15 12:04:23', ''),
(314, 1, 1, '2025-04-15 12:04:23', ''),
(315, 1, 1, '2025-04-15 12:04:24', ''),
(316, 1, 1, '2025-04-15 12:04:24', ''),
(317, 1, 1, '2025-04-15 12:04:24', ''),
(318, 1, 1, '2025-04-15 12:04:24', ''),
(319, 1, 1, '2025-04-15 12:04:24', ''),
(320, 1, 1, '2025-04-15 12:04:24', ''),
(321, 1, 1, '2025-04-15 12:04:25', ''),
(322, 1, 1, '2025-04-15 12:04:25', ''),
(323, 1, 1, '2025-04-15 12:04:25', ''),
(324, 1, 1, '2025-04-15 12:04:25', ''),
(325, NULL, 3, '2025-04-15 12:04:27', 'exit'),
(326, 1, 1, '2025-04-15 12:04:27', ''),
(327, 1, 1, '2025-04-15 12:04:28', ''),
(328, 1, 1, '2025-04-15 12:04:28', ''),
(329, 1, 1, '2025-04-15 12:04:28', ''),
(330, 1, 1, '2025-04-15 12:04:28', ''),
(331, 1, 1, '2025-04-15 12:04:28', ''),
(332, 1, 1, '2025-04-15 12:04:28', ''),
(333, 1, 1, '2025-04-15 12:04:28', ''),
(334, 1, 1, '2025-04-15 12:04:29', ''),
(335, 1, 1, '2025-04-15 12:04:29', ''),
(336, 1, 1, '2025-04-15 12:04:29', ''),
(337, 1, 1, '2025-04-15 12:04:29', ''),
(338, 1, 1, '2025-04-15 12:04:29', ''),
(339, 1, 1, '2025-04-15 12:04:30', ''),
(340, 1, 1, '2025-04-15 12:04:30', ''),
(341, 1, 1, '2025-04-15 12:04:30', ''),
(342, 1, 1, '2025-04-15 12:04:30', ''),
(343, 1, 1, '2025-04-15 12:04:30', ''),
(344, 1, 1, '2025-04-15 12:04:30', ''),
(345, 1, 1, '2025-04-15 12:04:31', ''),
(346, 1, 1, '2025-04-15 12:04:31', ''),
(347, 1, 1, '2025-04-15 12:04:31', ''),
(348, 1, 1, '2025-04-15 12:04:31', ''),
(349, NULL, 3, '2025-04-15 12:04:31', 'entry'),
(350, 1, 1, '2025-04-15 12:04:31', ''),
(351, 1, 1, '2025-04-15 12:04:32', ''),
(352, 1, 1, '2025-04-15 12:04:32', ''),
(353, 1, 1, '2025-04-15 12:04:32', ''),
(354, 1, 1, '2025-04-15 12:04:32', ''),
(355, NULL, 3, '2025-04-15 12:04:32', 'exit'),
(356, 1, 1, '2025-04-15 12:04:32', ''),
(357, 1, 1, '2025-04-15 12:04:32', ''),
(358, 1, 1, '2025-04-15 12:04:33', ''),
(359, 1, 1, '2025-04-15 12:04:33', ''),
(360, 1, 1, '2025-04-15 12:04:34', ''),
(361, 1, 1, '2025-04-15 12:04:34', ''),
(362, 1, 1, '2025-04-15 12:04:35', ''),
(363, 1, 1, '2025-04-15 12:04:36', ''),
(364, 1, 1, '2025-04-15 12:04:37', ''),
(365, 1, 1, '2025-04-15 12:04:38', ''),
(366, 1, 1, '2025-04-15 12:04:38', ''),
(367, 1, 1, '2025-04-15 12:04:39', ''),
(368, 1, 1, '2025-04-15 12:04:40', ''),
(369, 1, 1, '2025-04-15 12:04:40', ''),
(370, 1, 1, '2025-04-15 12:04:40', ''),
(371, 1, 1, '2025-04-15 12:04:41', ''),
(372, 1, 1, '2025-04-15 12:04:41', ''),
(373, 1, 1, '2025-04-15 12:04:41', ''),
(374, 1, 1, '2025-04-15 12:04:42', ''),
(375, 1, 1, '2025-04-15 12:04:42', ''),
(376, 1, 1, '2025-04-15 12:04:42', ''),
(377, 1, 1, '2025-04-15 12:04:42', ''),
(378, 1, 1, '2025-04-15 12:04:43', ''),
(379, 1, 1, '2025-04-15 12:04:43', ''),
(380, 1, 1, '2025-04-15 12:04:44', ''),
(381, 1, 1, '2025-04-15 12:04:44', ''),
(382, 1, 1, '2025-04-15 12:04:45', ''),
(383, 1, 1, '2025-04-15 12:04:46', ''),
(384, 1, 1, '2025-04-15 12:04:53', ''),
(385, 1, 1, '2025-04-15 12:04:54', ''),
(386, 1, 1, '2025-04-15 12:04:55', ''),
(387, 1, 1, '2025-04-15 12:04:55', ''),
(388, NULL, 3, '2025-04-15 12:04:56', 'entry'),
(389, 1, 1, '2025-04-15 12:04:56', ''),
(390, 1, 1, '2025-04-15 12:04:57', ''),
(391, 1, 1, '2025-04-15 12:04:59', ''),
(392, NULL, 3, '2025-04-15 12:04:59', 'exit'),
(393, 1, 1, '2025-04-15 12:05:00', ''),
(394, NULL, 3, '2025-04-15 12:05:00', 'entry'),
(395, NULL, 3, '2025-04-15 12:05:00', 'exit'),
(396, NULL, 3, '2025-04-15 12:05:00', 'entry'),
(397, NULL, 2, '2025-04-15 12:05:01', 'entry'),
(398, NULL, 2, '2025-04-15 12:05:01', 'exit'),
(399, NULL, 2, '2025-04-15 12:05:02', 'entry'),
(400, NULL, 2, '2025-04-15 12:05:03', 'exit'),
(401, NULL, 3, '2025-04-15 12:05:03', 'exit'),
(402, 1, 1, '2025-04-15 12:05:05', ''),
(403, 1, 1, '2025-04-15 12:05:05', ''),
(404, 1, 1, '2025-04-15 12:05:07', ''),
(405, NULL, 3, '2025-04-15 12:05:10', 'entry'),
(406, NULL, 3, '2025-04-15 12:05:10', 'exit'),
(407, NULL, 2, '2025-04-15 12:05:11', 'entry'),
(408, NULL, 3, '2025-04-15 12:05:11', 'entry'),
(409, NULL, 1, '2025-04-15 12:05:11', 'entry'),
(410, NULL, 1, '2025-04-15 12:05:12', 'exit'),
(411, NULL, 2, '2025-04-15 12:05:12', 'exit'),
(412, NULL, 3, '2025-04-15 12:05:12', 'exit'),
(413, NULL, 1, '2025-04-15 12:05:13', 'entry'),
(414, NULL, 3, '2025-04-15 12:05:13', 'entry'),
(415, 1, 1, '2025-04-15 12:05:13', ''),
(416, NULL, 3, '2025-04-15 12:05:14', 'exit'),
(417, NULL, 1, '2025-04-15 12:05:14', 'exit'),
(418, NULL, 1, '2025-04-15 12:05:15', 'entry'),
(419, NULL, 1, '2025-04-15 12:05:15', 'exit'),
(420, NULL, 1, '2025-04-15 12:05:16', 'entry'),
(421, NULL, 1, '2025-04-15 12:05:16', 'exit'),
(422, NULL, 3, '2025-04-15 12:05:17', 'entry'),
(423, NULL, 1, '2025-04-15 12:05:17', 'entry'),
(424, NULL, 1, '2025-04-15 12:05:17', 'exit'),
(425, NULL, 3, '2025-04-15 12:05:18', 'exit'),
(426, NULL, 3, '2025-04-15 12:05:18', 'entry'),
(427, NULL, 3, '2025-04-15 12:05:18', 'exit'),
(428, NULL, 1, '2025-04-15 12:05:18', 'entry'),
(429, NULL, 2, '2025-04-15 12:05:18', 'entry'),
(430, NULL, 3, '2025-04-15 12:05:18', 'entry'),
(431, NULL, 2, '2025-04-15 12:05:18', 'exit'),
(432, NULL, 3, '2025-04-15 12:05:18', 'exit'),
(433, NULL, 2, '2025-04-15 12:05:19', 'entry'),
(434, NULL, 1, '2025-04-15 12:05:19', 'exit'),
(435, NULL, 3, '2025-04-15 12:05:19', 'entry'),
(436, NULL, 2, '2025-04-15 12:05:19', 'exit'),
(437, NULL, 2, '2025-04-15 12:05:19', 'entry'),
(438, NULL, 2, '2025-04-15 12:05:19', 'exit'),
(439, NULL, 3, '2025-04-15 12:05:19', 'exit'),
(440, NULL, 2, '2025-04-15 12:05:19', 'entry'),
(441, NULL, 3, '2025-04-15 12:05:19', 'entry'),
(442, NULL, 2, '2025-04-15 12:05:20', 'exit'),
(443, NULL, 3, '2025-04-15 12:05:20', 'exit'),
(444, NULL, 3, '2025-04-15 12:05:20', 'entry'),
(445, NULL, 3, '2025-04-15 12:05:20', 'exit'),
(446, NULL, 1, '2025-04-15 12:05:20', 'entry'),
(447, NULL, 1, '2025-04-15 12:05:20', 'exit'),
(448, 1, 1, '2025-04-15 12:05:22', ''),
(449, NULL, 1, '2025-04-15 12:05:24', 'entry'),
(450, NULL, 2, '2025-04-15 12:05:24', 'entry'),
(451, NULL, 2, '2025-04-15 12:05:24', 'exit'),
(452, NULL, 1, '2025-04-15 12:05:24', 'exit'),
(453, NULL, 1, '2025-04-15 12:05:25', 'entry'),
(454, 1, 1, '2025-04-15 12:05:25', ''),
(455, NULL, 1, '2025-04-15 12:05:25', 'exit'),
(456, NULL, 2, '2025-04-15 12:05:25', 'entry'),
(457, NULL, 3, '2025-04-15 12:05:25', 'entry'),
(458, NULL, 2, '2025-04-15 12:05:26', 'exit'),
(459, NULL, 3, '2025-04-15 12:05:26', 'exit'),
(460, NULL, 1, '2025-04-15 12:05:26', 'entry'),
(461, NULL, 3, '2025-04-15 12:05:26', 'entry'),
(462, NULL, 3, '2025-04-15 12:05:26', 'exit'),
(463, NULL, 2, '2025-04-15 12:05:27', 'entry'),
(464, NULL, 1, '2025-04-15 12:05:27', 'exit'),
(465, NULL, 2, '2025-04-15 12:05:27', 'exit'),
(466, NULL, 3, '2025-04-15 12:05:28', 'entry'),
(467, NULL, 3, '2025-04-15 12:05:35', 'exit'),
(468, NULL, 3, '2025-04-15 12:05:36', 'entry'),
(469, NULL, 3, '2025-04-15 12:05:39', 'exit'),
(470, NULL, 3, '2025-04-15 12:05:54', 'entry'),
(471, NULL, 3, '2025-04-15 12:05:55', 'exit'),
(472, NULL, 3, '2025-04-15 12:05:55', 'entry'),
(473, NULL, 3, '2025-04-15 12:06:06', 'exit'),
(474, NULL, 3, '2025-04-15 12:06:07', 'entry'),
(475, NULL, 3, '2025-04-15 12:06:14', 'exit'),
(476, NULL, 3, '2025-04-15 12:06:14', 'entry'),
(477, NULL, 3, '2025-04-15 12:06:18', 'exit'),
(478, NULL, 3, '2025-04-15 12:06:19', 'entry'),
(479, NULL, 3, '2025-04-15 12:06:20', 'exit'),
(480, NULL, 3, '2025-04-15 12:06:23', 'entry'),
(481, NULL, 3, '2025-04-15 12:06:24', 'exit'),
(482, NULL, 3, '2025-04-15 12:06:24', 'entry'),
(483, NULL, 3, '2025-04-15 12:06:30', 'exit'),
(484, NULL, 3, '2025-04-15 12:06:31', 'entry'),
(485, NULL, 3, '2025-04-15 12:06:33', 'exit'),
(486, NULL, 3, '2025-04-15 12:06:34', 'entry'),
(487, 1, NULL, '2025-04-15 12:06:42', ''),
(488, NULL, 3, '2025-04-15 12:06:43', 'exit'),
(489, NULL, 1, '2025-04-15 12:06:43', 'entry'),
(490, NULL, 2, '2025-04-15 12:06:43', 'entry'),
(491, NULL, 3, '2025-04-15 12:06:43', 'entry'),
(492, NULL, 1, '2025-04-15 12:06:43', 'exit'),
(493, NULL, 2, '2025-04-15 12:06:43', 'exit'),
(494, NULL, 3, '2025-04-15 12:06:43', 'exit'),
(495, NULL, 1, '2025-04-15 12:06:44', 'entry'),
(496, NULL, 3, '2025-04-15 12:06:44', 'entry'),
(497, NULL, 2, '2025-04-15 12:06:44', 'entry'),
(498, NULL, 3, '2025-04-15 12:06:44', 'exit'),
(499, NULL, 3, '2025-04-15 12:06:44', 'entry'),
(500, NULL, 1, '2025-04-15 12:06:44', 'exit'),
(501, NULL, 2, '2025-04-15 12:06:44', 'exit'),
(502, NULL, 1, '2025-04-15 12:06:44', 'entry'),
(503, NULL, 1, '2025-04-15 12:06:44', 'exit'),
(504, NULL, 3, '2025-04-15 12:06:44', 'exit'),
(505, NULL, 1, '2025-04-15 12:06:45', 'entry'),
(506, NULL, 2, '2025-04-15 12:06:45', 'entry'),
(507, NULL, 3, '2025-04-15 12:06:45', 'entry'),
(508, NULL, 1, '2025-04-15 12:06:45', 'exit'),
(509, NULL, 2, '2025-04-15 12:06:45', 'exit'),
(510, NULL, 3, '2025-04-15 12:06:45', 'exit'),
(511, 1, NULL, '2025-04-15 12:06:47', ''),
(512, NULL, 3, '2025-04-15 12:06:48', 'entry'),
(513, NULL, 3, '2025-04-15 12:06:48', 'exit'),
(514, NULL, 3, '2025-04-15 12:06:48', 'entry'),
(515, NULL, 3, '2025-04-15 12:06:48', 'exit'),
(516, NULL, 1, '2025-04-15 12:06:48', 'entry'),
(517, NULL, 3, '2025-04-15 12:06:48', 'entry'),
(518, NULL, 1, '2025-04-15 12:06:49', 'exit'),
(519, NULL, 3, '2025-04-15 12:06:49', 'exit'),
(520, 1, NULL, '2025-04-15 12:06:49', ''),
(521, NULL, 3, '2025-04-15 12:06:50', 'entry'),
(522, NULL, 1, '2025-04-15 12:06:51', 'entry'),
(523, NULL, 2, '2025-04-15 12:06:51', 'entry'),
(524, NULL, 1, '2025-04-15 12:06:51', 'exit'),
(525, NULL, 2, '2025-04-15 12:06:51', 'exit'),
(526, NULL, 3, '2025-04-15 12:06:51', 'exit'),
(527, NULL, 2, '2025-04-15 12:06:55', 'entry'),
(528, NULL, 3, '2025-04-15 12:06:55', 'entry'),
(529, NULL, 2, '2025-04-15 12:06:55', 'exit'),
(530, NULL, 3, '2025-04-15 12:06:55', 'exit'),
(531, NULL, 3, '2025-04-15 12:06:55', 'entry'),
(532, NULL, 3, '2025-04-15 12:06:55', 'exit'),
(533, NULL, 2, '2025-04-15 12:06:56', 'entry'),
(534, NULL, 3, '2025-04-15 12:06:56', 'entry'),
(535, NULL, 2, '2025-04-15 12:06:56', 'exit'),
(536, NULL, 3, '2025-04-15 12:06:56', 'exit'),
(537, NULL, 3, '2025-04-15 12:06:56', 'entry'),
(538, NULL, 3, '2025-04-15 12:06:56', 'exit'),
(539, 1, NULL, '2025-04-15 12:06:58', ''),
(540, NULL, NULL, '2025-04-15 12:08:45', ''),
(541, NULL, 3, '2025-04-15 12:08:57', 'entry'),
(542, NULL, 3, '2025-04-15 12:08:58', 'exit'),
(543, NULL, 3, '2025-04-15 12:09:00', 'entry'),
(544, NULL, 3, '2025-04-15 12:09:01', 'exit'),
(545, NULL, 3, '2025-04-15 12:09:05', 'entry'),
(546, NULL, NULL, '2025-04-15 12:09:05', ''),
(547, NULL, 3, '2025-04-15 12:09:09', 'exit'),
(548, NULL, 3, '2025-04-15 12:09:09', 'entry'),
(549, NULL, 3, '2025-04-15 12:09:12', 'exit'),
(550, NULL, 3, '2025-04-15 12:09:16', 'entry'),
(551, NULL, 3, '2025-04-15 12:09:23', 'exit'),
(552, NULL, 3, '2025-04-15 12:09:26', 'entry'),
(553, NULL, 3, '2025-04-15 12:09:26', 'exit'),
(554, NULL, 3, '2025-04-15 12:09:26', 'entry'),
(555, NULL, 3, '2025-04-15 12:09:27', 'exit'),
(556, NULL, 1, '2025-04-15 12:09:27', 'entry'),
(557, NULL, 3, '2025-04-15 12:09:27', 'entry'),
(558, NULL, 2, '2025-04-15 12:09:27', 'entry'),
(559, NULL, 1, '2025-04-15 12:09:29', 'exit'),
(560, NULL, 3, '2025-04-15 12:09:29', 'exit'),
(561, NULL, 3, '2025-04-15 12:09:30', 'entry'),
(562, NULL, 2, '2025-04-15 12:09:30', 'exit'),
(563, NULL, 3, '2025-04-15 12:09:30', 'exit'),
(564, NULL, 2, '2025-04-15 12:09:31', 'entry'),
(565, NULL, 3, '2025-04-15 12:09:31', 'entry'),
(566, NULL, 3, '2025-04-15 12:09:32', 'exit'),
(567, NULL, 2, '2025-04-15 12:09:33', 'exit'),
(568, NULL, 2, '2025-04-15 12:09:33', 'entry'),
(569, NULL, 1, '2025-04-15 12:09:36', 'entry'),
(570, NULL, 3, '2025-04-15 12:09:36', 'entry'),
(571, NULL, 1, '2025-04-15 12:09:36', 'exit'),
(572, NULL, 3, '2025-04-15 12:09:36', 'exit'),
(573, NULL, 3, '2025-04-15 12:09:38', 'entry'),
(574, NULL, 1, '2025-04-15 12:09:38', 'entry'),
(575, NULL, 1, '2025-04-15 12:09:38', 'exit'),
(576, NULL, 3, '2025-04-15 12:09:39', 'exit'),
(577, NULL, 3, '2025-04-15 12:09:41', 'entry'),
(578, NULL, 3, '2025-04-15 12:09:48', 'exit'),
(579, NULL, 2, '2025-04-15 12:09:50', 'exit'),
(580, NULL, 2, '2025-04-15 12:09:52', 'entry'),
(581, NULL, 2, '2025-04-15 12:09:54', 'exit'),
(582, NULL, 2, '2025-04-15 12:09:54', 'entry'),
(583, NULL, 2, '2025-04-15 12:09:54', 'exit'),
(584, NULL, 2, '2025-04-15 12:09:56', 'entry'),
(585, NULL, 2, '2025-04-15 12:09:57', 'exit'),
(586, NULL, 2, '2025-04-15 12:09:57', 'entry'),
(587, NULL, 3, '2025-04-15 12:10:04', 'entry'),
(588, NULL, 3, '2025-04-15 12:10:15', 'exit'),
(589, NULL, 3, '2025-04-15 12:10:19', 'entry'),
(590, NULL, 2, '2025-04-15 12:10:21', 'exit'),
(591, NULL, 3, '2025-04-15 12:10:21', 'exit'),
(592, NULL, 2, '2025-04-15 12:10:21', 'entry'),
(593, NULL, 3, '2025-04-15 12:10:21', 'entry'),
(594, NULL, 2, '2025-04-15 12:10:22', 'exit'),
(595, NULL, 2, '2025-04-15 12:10:22', 'entry'),
(596, NULL, 2, '2025-04-15 12:10:27', 'exit'),
(597, NULL, 3, '2025-04-15 12:10:29', 'exit'),
(598, NULL, 3, '2025-04-15 12:10:35', 'entry'),
(599, NULL, 2, '2025-04-15 12:10:35', 'entry'),
(600, NULL, 2, '2025-04-15 12:10:35', 'exit'),
(601, NULL, 3, '2025-04-15 12:10:35', 'exit'),
(602, NULL, 3, '2025-04-15 12:10:35', 'entry'),
(603, NULL, 3, '2025-04-15 12:10:36', 'exit'),
(604, NULL, 2, '2025-04-15 12:10:36', 'entry'),
(605, NULL, 3, '2025-04-15 12:10:36', 'entry'),
(606, NULL, 2, '2025-04-15 12:10:36', 'exit'),
(607, NULL, 3, '2025-04-15 12:10:36', 'exit'),
(608, NULL, 2, '2025-04-15 12:10:37', 'entry'),
(609, NULL, 3, '2025-04-15 12:10:38', 'entry'),
(610, NULL, 3, '2025-04-15 12:10:38', 'exit'),
(611, NULL, 3, '2025-04-15 12:10:38', 'entry'),
(612, NULL, 3, '2025-04-15 12:10:38', 'exit'),
(613, NULL, 2, '2025-04-15 12:10:46', 'exit'),
(614, NULL, 2, '2025-04-15 12:10:46', 'entry'),
(615, NULL, 3, '2025-04-15 12:10:46', 'entry'),
(616, NULL, 2, '2025-04-15 12:10:46', 'exit'),
(617, NULL, 3, '2025-04-15 12:10:46', 'exit'),
(618, NULL, 2, '2025-04-15 12:10:47', 'entry'),
(619, NULL, 2, '2025-04-15 12:10:48', 'exit'),
(620, NULL, 2, '2025-04-15 12:10:49', 'entry'),
(621, NULL, 3, '2025-04-15 12:10:49', 'entry'),
(622, NULL, 3, '2025-04-15 12:10:49', 'exit'),
(623, NULL, 3, '2025-04-15 12:10:49', 'entry'),
(624, NULL, 2, '2025-04-15 12:10:49', 'exit'),
(625, NULL, 3, '2025-04-15 12:10:49', 'exit'),
(626, NULL, 2, '2025-04-15 12:10:50', 'entry'),
(627, NULL, 3, '2025-04-15 12:10:52', 'entry'),
(628, NULL, 3, '2025-04-15 12:11:02', 'exit'),
(629, NULL, 2, '2025-04-15 12:11:02', 'exit'),
(630, NULL, 2, '2025-04-15 12:11:02', 'entry'),
(631, NULL, 3, '2025-04-15 12:11:02', 'entry'),
(632, NULL, 2, '2025-04-15 12:11:26', 'exit'),
(633, NULL, 3, '2025-04-15 12:11:26', 'exit'),
(634, NULL, 2, '2025-04-15 12:11:28', 'entry'),
(635, NULL, 3, '2025-04-15 12:11:28', 'entry'),
(636, NULL, 3, '2025-04-15 12:11:34', 'exit'),
(637, NULL, 3, '2025-04-15 12:11:35', 'entry'),
(638, NULL, 3, '2025-04-15 12:11:35', 'exit'),
(639, NULL, 3, '2025-04-15 12:11:37', 'entry'),
(640, NULL, 1, '2025-04-15 12:12:55', 'entry'),
(641, NULL, 1, '2025-04-15 12:12:57', 'exit'),
(642, NULL, 1, '2025-04-15 12:13:03', 'entry'),
(643, NULL, 1, '2025-04-15 12:13:03', 'exit'),
(644, NULL, 1, '2025-04-15 12:13:05', 'entry'),
(645, NULL, 1, '2025-04-15 12:13:05', 'exit'),
(646, NULL, 1, '2025-04-15 12:13:06', 'entry'),
(647, NULL, 1, '2025-04-15 12:13:06', 'exit'),
(648, NULL, 1, '2025-04-15 12:13:07', 'entry'),
(649, NULL, 1, '2025-04-15 12:13:07', 'exit'),
(650, NULL, 1, '2025-04-15 12:13:08', 'entry'),
(651, NULL, 1, '2025-04-15 12:13:09', 'exit'),
(652, NULL, 3, '2025-04-15 12:13:27', 'exit'),
(653, NULL, 3, '2025-04-15 12:13:28', 'entry'),
(654, NULL, 3, '2025-04-15 12:13:28', 'exit'),
(655, NULL, 3, '2025-04-15 12:15:37', 'entry'),
(656, NULL, 3, '2025-04-15 12:15:38', 'exit'),
(657, NULL, 3, '2025-04-15 12:15:38', 'entry'),
(658, NULL, NULL, '2025-04-15 12:16:35', ''),
(659, NULL, NULL, '2025-04-15 12:16:36', ''),
(660, NULL, NULL, '2025-04-15 12:16:37', ''),
(661, NULL, NULL, '2025-04-15 12:16:37', ''),
(662, NULL, NULL, '2025-04-15 12:16:38', ''),
(663, NULL, NULL, '2025-04-15 12:16:38', ''),
(664, NULL, NULL, '2025-04-15 12:16:38', ''),
(665, NULL, NULL, '2025-04-15 12:16:38', ''),
(666, NULL, NULL, '2025-04-15 12:16:38', ''),
(667, NULL, NULL, '2025-04-15 12:16:39', ''),
(668, NULL, NULL, '2025-04-15 12:16:39', ''),
(669, NULL, NULL, '2025-04-15 12:16:39', ''),
(670, NULL, NULL, '2025-04-15 12:16:40', ''),
(671, NULL, NULL, '2025-04-15 12:16:40', ''),
(672, NULL, NULL, '2025-04-15 12:16:41', ''),
(673, NULL, NULL, '2025-04-15 12:16:55', ''),
(674, NULL, 3, '2025-04-15 12:18:08', 'entry'),
(675, NULL, 3, '2025-04-15 12:18:09', 'exit'),
(676, NULL, 3, '2025-04-15 12:18:09', 'entry'),
(677, NULL, 3, '2025-04-15 12:18:09', 'exit'),
(678, NULL, 3, '2025-04-15 12:18:09', 'entry'),
(679, NULL, 3, '2025-04-15 12:18:10', 'exit'),
(680, NULL, 3, '2025-04-15 12:18:10', 'entry'),
(681, NULL, 3, '2025-04-15 12:18:11', 'exit'),
(682, NULL, 3, '2025-04-15 12:18:11', 'entry'),
(683, NULL, 3, '2025-04-15 12:18:12', 'exit'),
(684, NULL, 3, '2025-04-15 12:18:12', 'entry'),
(685, NULL, 3, '2025-04-15 12:18:13', 'exit'),
(686, NULL, 3, '2025-04-15 12:18:13', 'entry'),
(687, NULL, 3, '2025-04-15 12:18:13', 'exit'),
(688, NULL, 3, '2025-04-15 12:18:13', 'entry'),
(689, NULL, 3, '2025-04-15 12:18:14', 'exit'),
(690, NULL, 3, '2025-04-15 12:18:14', 'entry'),
(691, NULL, 3, '2025-04-15 12:18:14', 'exit'),
(692, NULL, 3, '2025-04-15 12:18:23', 'entry'),
(693, NULL, 3, '2025-04-15 12:18:39', 'exit'),
(694, NULL, 2, '2025-04-15 12:19:40', 'exit'),
(695, NULL, 2, '2025-04-15 12:19:40', 'entry'),
(696, NULL, 2, '2025-04-15 12:20:11', 'exit'),
(697, NULL, 2, '2025-04-15 12:20:12', 'entry'),
(698, NULL, 2, '2025-04-15 12:20:22', 'exit'),
(699, NULL, 2, '2025-04-15 12:20:22', 'entry'),
(700, NULL, 2, '2025-04-15 12:20:23', 'exit'),
(701, NULL, 2, '2025-04-15 12:20:23', 'entry');

-- --------------------------------------------------------

--
-- Table structure for table `parkingspots`
--

CREATE TABLE `parkingspots` (
  `id` int(11) NOT NULL,
  `status` enum('vacant','occupied') NOT NULL DEFAULT 'vacant',
  `user_id` int(11) DEFAULT NULL
) ENGINE=InnoDB DEFAULT CHARSET=utf8mb4 COLLATE=utf8mb4_general_ci;

--
-- Dumping data for table `parkingspots`
--

INSERT INTO `parkingspots` (`id`, `status`, `user_id`) VALUES
(1, 'vacant', 4),
(2, 'occupied', 4),
(3, 'vacant', NULL),
(4, 'occupied', 4),
(5, 'occupied', 4),
(6, 'occupied', 4);

-- --------------------------------------------------------

--
-- Table structure for table `users`
--

CREATE TABLE `users` (
  `id` int(11) NOT NULL,
  `username` varchar(50) NOT NULL,
  `password` varchar(255) NOT NULL,
  `role` enum('admin','user') NOT NULL DEFAULT 'user'
) ENGINE=InnoDB DEFAULT CHARSET=utf8mb4 COLLATE=utf8mb4_general_ci;

--
-- Dumping data for table `users`
--

INSERT INTO `users` (`id`, `username`, `password`, `role`) VALUES
(1, 'admin', 'hashed_password_here', 'admin'),
(3, 'testuser', '$2b$10$ewWZlXzixAKM.qSGcyDB1u4W272BWabItX4xMvtdXxOZcSgnMvWwG', 'user'),
(4, 'enirem', '$2b$10$27O/SIPoVNxn5Dxp8hnUf.Rw8.e/V/taDMoicvJB/CPno.Qj0/sEu', 'user');

--
-- Indexes for dumped tables
--

--
-- Indexes for table `logs`
--
ALTER TABLE `logs`
  ADD PRIMARY KEY (`id`),
  ADD KEY `spot_id` (`spot_id`),
  ADD KEY `logs_ibfk_1` (`user_id`);

--
-- Indexes for table `parkingspots`
--
ALTER TABLE `parkingspots`
  ADD PRIMARY KEY (`id`),
  ADD KEY `user_id` (`user_id`);

--
-- Indexes for table `users`
--
ALTER TABLE `users`
  ADD PRIMARY KEY (`id`),
  ADD UNIQUE KEY `username` (`username`);

--
-- AUTO_INCREMENT for dumped tables
--

--
-- AUTO_INCREMENT for table `logs`
--
ALTER TABLE `logs`
  MODIFY `id` int(11) NOT NULL AUTO_INCREMENT, AUTO_INCREMENT=702;

--
-- AUTO_INCREMENT for table `parkingspots`
--
ALTER TABLE `parkingspots`
  MODIFY `id` int(11) NOT NULL AUTO_INCREMENT, AUTO_INCREMENT=7;

--
-- AUTO_INCREMENT for table `users`
--
ALTER TABLE `users`
  MODIFY `id` int(11) NOT NULL AUTO_INCREMENT, AUTO_INCREMENT=5;

--
-- Constraints for dumped tables
--

--
-- Constraints for table `logs`
--
ALTER TABLE `logs`
  ADD CONSTRAINT `logs_ibfk_1` FOREIGN KEY (`user_id`) REFERENCES `users` (`id`) ON DELETE CASCADE,
  ADD CONSTRAINT `logs_ibfk_2` FOREIGN KEY (`spot_id`) REFERENCES `parkingspots` (`id`) ON DELETE CASCADE;

--
-- Constraints for table `parkingspots`
--
ALTER TABLE `parkingspots`
  ADD CONSTRAINT `parkingspots_ibfk_1` FOREIGN KEY (`user_id`) REFERENCES `users` (`id`) ON DELETE SET NULL;
COMMIT;

/*!40101 SET CHARACTER_SET_CLIENT=@OLD_CHARACTER_SET_CLIENT */;
/*!40101 SET CHARACTER_SET_RESULTS=@OLD_CHARACTER_SET_RESULTS */;
/*!40101 SET COLLATION_CONNECTION=@OLD_COLLATION_CONNECTION */;
